{"cameraMode":{"drawMode":0,"name":"Shaded","section":"Shading Mode"},"sceneLighting":false,"audioPlay":false,"sceneViewState":{"m_AlwaysRefresh":true,"showFog":true,"showSkybox":false,"showFlares":true,"showImageEffects":true,"showParticleSystems":true,"showVisualEffectGraphs":true,"m_FxEnabled":true},"in2DMode":false,"pivot":{"x":0.024547874927520753,"y":0.7798309326171875,"z":0.13649141788482667},"rotation":{"x":0.09591177850961685,"y":-0.24148668348789216,"z":0.02564704418182373,"w":0.9656313061714172},"size":2.9731595516204836,"orthographic":false}