{"cameraMode":{"drawMode":0,"name":"Shaded","section":"Shading Mode"},"sceneLighting":false,"audioPlay":false,"sceneViewState":{"m_AlwaysRefresh":true,"showFog":true,"showSkybox":false,"showFlares":true,"showImageEffects":true,"showParticleSystems":true,"showVisualEffectGraphs":true,"m_FxEnabled":true},"in2DMode":false,"pivot":{"x":0.024596214294433595,"y":0.7802923917770386,"z":0.1365145444869995},"rotation":{"x":0.09591177850961685,"y":-0.24148668348789216,"z":0.02564704418182373,"w":0.9656313061714172},"size":1.7937872409820557,"orthographic":false}